Item Name,Price,Address,Post Date
Car body cover available in wholesale market price,₹ 500,"Periyamet, Chennai",15 Aug
One BHK semi furnished flat with covered car parking,"₹ 7,500","IDPL Colony, Rishikesh",1 Aug
Autofy 100% waterproof Altroz car cover,"₹ 1,200","Basavanapura Nr Krishnarajapura, Bengaluru",2 days ago
Xuv700 car cover,"₹ 3,500","Kaziguda, Hyderabad",Today
Maruti car 800 body cover,"₹ 15,999","Society Colony, Madanapalle",Today
3bhk MICL (1.85 All inclusive) With 1 Alloted covered car park,"₹ 1,90,00,000","Dahisar East, Mumbai",Today
"IT, Media office, covered car n bike parking, Kakkanad Kochi","₹ 24,000","Chembumukku, Kochi",Today
"Back end IT,Media office, covered car, Bike parking,kakkanad,EKM,Kochi","₹ 24,000","Vazhakkala, Kochi",Today
"IT back end office, kakkanad, covered car n bike parking,lift, D G","₹ 25,000","Padivattom, Kochi",Today
car bilkul new jaisi 4tyre seat cover new paper 05/2031 tak tiptop car,"₹ 1,60,000","Naiganj, Jaunpur",Today
"Back end IT office, covered car,Bike parking kakkanad Kochi,Ernakulam","₹ 24,000","Padivattom, Kochi",Today
2 bhk flat with covered car parking in Gated Society,"₹ 48,99,999","Rajarhat Chowmatha, Kolkata",Yesterday
All cars side mirror batman cover abs plastic piano black,"₹ 2,999","Ashok Nagar, Vijayawada",Yesterday
All cars side mirror cover batman style abs,"₹ 2,500","Chembur, Mumbai",Yesterday
All cars side mirror covers abs,"₹ 1,999","Alappuzha Cantt, Alappuzha",Yesterday
Jen 2002 model new tier new music system new set cover all orisnel car,"₹ 60,000","Bhun, Gurdaspur",Yesterday
COVERED CAR PARKING WITH CCTV PROTECTION FOR RENT IN ROYAPETTAH,"₹ 3,500","Royapettah, Chennai",Yesterday
"Excellent car,20+avg
New seat covers, android player,  full modified.","₹ 2,40,000","Pujan Vala Mohalla, Bathinda",Yesterday
Waterproof thar car cover,"₹ 1,800","Narayan Vihar, Dehradun",Yesterday
1.5Bhk With Covered Car Parking at 1.05Cr++ in Raheja Lunaris Nerul E.,"₹ 1,05,00,000","Kharghar, Navi Mumbai",Yesterday
Car seat cover,"₹ 6,000","Laal Ganesh, Guwahati",10 Aug
2bhk flat for Sale with covered car parking,"₹ 47,00,000","Pisoli, Pune",8 Aug
2 BHK flat with 2 balcony & Covered Car Parking,"₹ 20,500","Punawale, Pune",Yesterday
Ertiga Car Cover for sale,"₹ 1,000","MVP Colony, Visakhapatnam",Yesterday
BALENO CAR BODY COVER,₹ 750,"RB Nagar, Hyderabad",Yesterday
Car keys cover,₹ 350,"Prem Nagar 2, Gurgaon",Yesterday
Newly build 75 Sq yards home with covered car parking,"₹ 33,00,111","Dabua Colony, Faridabad",Yesterday
75 Gaj newly constructed home with covered car parking,"₹ 33,00,001","Nangla Gurjan, Faridabad",Yesterday
Hyundai Aura OE car cover for sale,₹ 700,"Kovilambakkam Raja Nagar, Chennai",Yesterday
Fully furnished 3 bhk with lift and covered car parking for dispoal,"₹ 1,25,00,000","Raja S C Mullick Road, Kolkata",Yesterday
2BHK Fully Furnished  with covered car parking near to viman Nagar,"₹ 35,000","Kharadi, Pune",Yesterday
"Volkswagen Taigun Waterproof Car Body Cover-UV Protection,Heavy Duty.","₹ 2,500","Srirampura Stage 2 Madhuvana Layout, Mysuru",Yesterday
107 Gaj home with covered car parking near by main market,"₹ 45,00,000","Jawahar Colony, Faridabad",Yesterday
Jack and tata tiago car cover,"₹ 18,000","Venkateshwara Colony, Hyderabad",Yesterday
Spacious 2BHK with covered car parking for rent,"₹ 24,000","Medavakkam, Chennai",Yesterday
"Back end IT office,10+ seat, covered car parking, DG, Kakkanad,EKM","₹ 3,000","Padivattom, Kochi",Yesterday
Covered car parking space for rent,"₹ 87,74,000","Arumbakkam, Chennai",Yesterday
Saligramam 3 BHK Flat for Sale with Covered Car Parking,"₹ 2,499","Saligramam, Chennai",2 days ago
All cars side mirror batman cover abs plastic piano black,"₹ 2,500","Gangtok Private Estate, Gangtok",2 days ago
